{
  "HEVC-B": {
    "BQTerrace_1920x1072_60": {
      "model_dcvc_quality_0_psnr.pth": {
        "i_frame_num": 9,
        "p_frame_num": 91,
        "ave_i_frame_bpp": 0.2649951917153818,
        "ave_i_frame_quality": 30.826762941148544,
        "ave_p_frame_bpp": 0.02568562742281746,
        "ave_p_frame_bpp_mv_y": 0.006100541287726098,
        "ave_p_frame_bpp_mv_z": 0.000388861892573474,
        "ave_p_frame_bpp_y": 0.018073188693641305,
        "ave_p_frame_bpp_z": 0.001123035613160867,
        "ave_p_frame_quality": 29.764325592544054,
        "ave_all_frame_bpp": 0.04722348820914825,
        "ave_all_frame_quality": 29.859944953918458
      },
      "model_dcvc_quality_1_psnr.pth": {
        "i_frame_num": 9,
        "p_frame_num": 91,
        "ave_i_frame_bpp": 0.3795934041341146,
        "ave_i_frame_quality": 32.39283879597982,
        "ave_p_frame_bpp": 0.04339538473676849,
        "ave_p_frame_bpp_mv_y": 0.00799626911284177,
        "ave_p_frame_bpp_mv_z": 0.0005021193419752009,
        "ave_p_frame_bpp_y": 0.03339980440316619,
        "ave_p_frame_bpp_z": 0.0014971917850773904,
        "ave_p_frame_quality": 31.097837636758992,
        "ave_all_frame_bpp": 0.07365320648252964,
        "ave_all_frame_quality": 31.214387741088867
      },
      "model_dcvc_quality_2_psnr.pth": {
        "i_frame_num": 9,
        "p_frame_num": 91,
        "ave_i_frame_bpp": 0.5424834957829229,
        "ave_i_frame_quality": 33.63302993774414,
        "ave_p_frame_bpp": 0.07461310898537164,
        "ave_p_frame_bpp_mv_y": 0.009243364476568096,
        "ave_p_frame_bpp_mv_z": 0.0006895348945233439,
        "ave_p_frame_bpp_y": 0.06257099723750419,
        "ave_p_frame_bpp_z": 0.002109212551399001,
        "ave_p_frame_quality": 32.207752982338704,
        "ave_all_frame_bpp": 0.11672144379715124,
        "ave_all_frame_quality": 32.33602790832519
      },
      "model_dcvc_quality_3_psnr.pth": {
        "i_frame_num": 9,
        "p_frame_num": 91,
        "ave_i_frame_bpp": 0.7803416781955296,
        "ave_i_frame_quality": 34.84189139472114,
        "ave_p_frame_bpp": 0.15029321414428753,
        "ave_p_frame_bpp_mv_y": 0.014130404730747035,
        "ave_p_frame_bpp_mv_z": 0.0008606262975832919,
        "ave_p_frame_bpp_y": 0.13287547623718177,
        "ave_p_frame_bpp_z": 0.002426706950415622,
        "ave_p_frame_quality": 33.097849793486546,
        "ave_all_frame_bpp": 0.2069975759088993,
        "ave_all_frame_quality": 33.254813537597656
      }
    },
    "BasketballDrive_1920x1072_50": {
      "model_dcvc_quality_0_psnr.pth": {
        "i_frame_num": 9,
        "p_frame_num": 91,
        "ave_i_frame_bpp": 0.11210214296976725,
        "ave_i_frame_quality": 33.710398779975044,
        "ave_p_frame_bpp": 0.028823018462939578,
        "ave_p_frame_bpp_mv_y": 0.008030581554131848,
        "ave_p_frame_bpp_mv_z": 0.0004044486789268206,
        "ave_p_frame_bpp_y": 0.019355470335090552,
        "ave_p_frame_bpp_z": 0.0010325179574755276,
        "ave_p_frame_quality": 32.478690702836595,
        "ave_all_frame_bpp": 0.036318139668554066,
        "ave_all_frame_quality": 32.58954442977905
      },
      "model_dcvc_quality_1_psnr.pth": {
        "i_frame_num": 9,
        "p_frame_num": 91,
        "ave_i_frame_bpp": 0.1361701771065041,
        "ave_i_frame_quality": 34.86903635660807,
        "ave_p_frame_bpp": 0.04227612009988381,
        "ave_p_frame_bpp_mv_y": 0.009938944837303607,
        "ave_p_frame_bpp_mv_z": 0.0005119871831074317,
        "ave_p_frame_bpp_y": 0.030473046536956514,
        "ave_p_frame_bpp_z": 0.001352141414907157,
        "ave_p_frame_quality": 33.739698556753304,
        "ave_all_frame_bpp": 0.05072658523047964,
        "ave_all_frame_quality": 33.84133895874024
      },
      "model_dcvc_quality_2_psnr.pth": {
        "i_frame_num": 9,
        "p_frame_num": 91,
        "ave_i_frame_bpp": 0.1993510263937491,
        "ave_i_frame_quality": 35.92166222466363,
        "ave_p_frame_bpp": 0.0627865676696484,
        "ave_p_frame_bpp_mv_y": 0.012407853237383968,
        "ave_p_frame_bpp_mv_z": 0.0006352288413096916,
        "ave_p_frame_bpp_y": 0.04800570909711686,
        "ave_p_frame_bpp_z": 0.0017377761369161717,
        "ave_p_frame_quality": 34.78634639362713,
        "ave_all_frame_bpp": 0.07507736895481745,
        "ave_all_frame_quality": 34.88852481842041
      },
      "model_dcvc_quality_3_psnr.pth": {
        "i_frame_num": 9,
        "p_frame_num": 91,
        "ave_i_frame_bpp": 0.30611199626216185,
        "ave_i_frame_quality": 36.768944634331596,
        "ave_p_frame_bpp": 0.0961615247140219,
        "ave_p_frame_bpp_mv_y": 0.015573421585281471,
        "ave_p_frame_bpp_mv_z": 0.0008013045957700892,
        "ave_p_frame_bpp_y": 0.0777510203584865,
        "ave_p_frame_bpp_z": 0.0020357782704305354,
        "ave_p_frame_quality": 35.65902806376363,
        "ave_all_frame_bpp": 0.11505706715335448,
        "ave_all_frame_quality": 35.75892055511475
      }
    }
  },
  "HEVC-C": {
    "PartyScene_832x480_50": {
      "model_dcvc_quality_0_psnr.pth": {
        "i_frame_num": 9,
        "p_frame_num": 91,
        "ave_i_frame_bpp": 0.5569203741238958,
        "ave_i_frame_quality": 27.335609859890408,
        "ave_p_frame_bpp": 0.0652931868354534,
        "ave_p_frame_bpp_mv_y": 0.008621948874801152,
        "ave_p_frame_bpp_mv_z": 0.00047968458102831804,
        "ave_p_frame_bpp_y": 0.05438463357891273,
        "ave_p_frame_bpp_z": 0.0018069196612686739,
        "ave_p_frame_quality": 25.808113328703158,
        "ave_all_frame_bpp": 0.10953963369141323,
        "ave_all_frame_quality": 25.94558801651001
      },
      "model_dcvc_quality_1_psnr.pth": {
        "i_frame_num": 9,
        "p_frame_num": 91,
        "ave_i_frame_bpp": 0.860063983698322,
        "ave_i_frame_quality": 29.948810789320206,
        "ave_p_frame_bpp": 0.10808969863209424,
        "ave_p_frame_bpp_mv_y": 0.012078973103908229,
        "ave_p_frame_bpp_mv_z": 0.0006493835704871914,
        "ave_p_frame_bpp_y": 0.0931802888216635,
        "ave_p_frame_bpp_z": 0.0021810529377454748,
        "ave_p_frame_quality": 27.65279128525283,
        "ave_all_frame_bpp": 0.17576738428805475,
        "ave_all_frame_quality": 27.859433040618896
      },
      "model_dcvc_quality_2_psnr.pth": {
        "i_frame_num": 9,
        "p_frame_num": 91,
        "ave_i_frame_bpp": 1.1404405344682444,
        "ave_i_frame_quality": 31.22010103861491,
        "ave_p_frame_bpp": 0.16250407278210252,
        "ave_p_frame_bpp_mv_y": 0.013970374796222281,
        "ave_p_frame_bpp_mv_z": 0.0008368479096903824,
        "ave_p_frame_bpp_y": 0.14495116301331218,
        "ave_p_frame_bpp_z": 0.0027456873398437934,
        "ave_p_frame_quality": 29.04227361574278,
        "ave_all_frame_bpp": 0.2505183543338553,
        "ave_all_frame_quality": 29.23827808380127
      },
      "model_dcvc_quality_3_psnr.pth": {
        "i_frame_num": 9,
        "p_frame_num": 91,
        "ave_i_frame_bpp": 1.4652016235649659,
        "ave_i_frame_quality": 32.222907808091904,
        "ave_p_frame_bpp": 0.24881187795692092,
        "ave_p_frame_bpp_mv_y": 0.019281893934041342,
        "ave_p_frame_bpp_mv_z": 0.0009929131886635262,
        "ave_p_frame_bpp_y": 0.22589598782360554,
        "ave_p_frame_bpp_z": 0.0026410833924783617,
        "ave_p_frame_quality": 29.886195591517858,
        "ave_all_frame_bpp": 0.358286955061645,
        "ave_all_frame_quality": 30.096499691009523
      }
    },
    "RaceHorses_832x480_30": {
      "model_dcvc_quality_0_psnr.pth": {
        "i_frame_num": 9,
        "p_frame_num": 91,
        "ave_i_frame_bpp": 0.311676276909126,
        "ave_i_frame_quality": 29.866926193237305,
        "ave_p_frame_bpp": 0.07020155651556266,
        "ave_p_frame_bpp_mv_y": 0.013531079014333395,
        "ave_p_frame_bpp_mv_z": 0.0005701995866659742,
        "ave_p_frame_bpp_y": 0.05443828851803319,
        "ave_p_frame_bpp_z": 0.0016619893824579297,